{"cameraMode":{"drawMode":0,"name":"Shaded","section":"Shading Mode"},"sceneLighting":true,"audioPlay":false,"sceneViewState":{"showFog":true,"showMaterialUpdate":false,"showSkybox":true,"showFlares":true,"showImageEffects":true,"showParticleSystems":true},"in2DMode":false,"pivot":{"x":-0.11242997646331787,"y":0.605644941329956,"z":-0.0004792213439941406},"rotation":{"x":0.022096436470746995,"y":0.9722368717193604,"z":-0.20906496047973634,"w":0.10275765508413315},"size":8.972162246704102,"orthographic":false}