{"cameraMode":{"drawMode":0,"name":"Shaded","section":"Shading Mode"},"sceneLighting":true,"audioPlay":false,"sceneViewState":{"showFog":true,"showMaterialUpdate":false,"showSkybox":true,"showFlares":true,"showImageEffects":true,"showParticleSystems":true},"in2DMode":false,"pivot":{"x":-0.9445683360099793,"y":2.5752670764923097,"z":-1.1197726726531983},"rotation":{"x":0.06048282980918884,"y":0.9044762849807739,"z":-0.39937689900398257,"w":0.13697677850723267},"size":27.974681854248048,"orthographic":false}